locus_id	SNP	CHR	BP	PIP	credible_set	method
chr1:150270000-151270000	rsCTSK001	1	150770000	0.72	CS1	precomputed_susie
chr1:150270000-151270000	rsCTSK002	1	150775500	0.18	CS1	precomputed_susie
chr1:150270000-151270000	rsCTSK003	1	150782000	0.05	CS1	precomputed_susie
chr7:120470000-121475500	rsWNT16001	7	120970000	0.64	CS1	precomputed_susie
chr7:120470000-121475500	rsWNT16002	7	120975500	0.24	CS1	precomputed_susie
chr7:120470000-121475500	rsWNT16003	7	120981000	0.07	CS1	precomputed_susie
chr8:119445000-120445000	rsTNFRSF11B001	8	119945000	0.68	CS1	precomputed_susie
chr8:119445000-120445000	rsTNFRSF11B002	8	119951000	0.20	CS1	precomputed_susie
chr8:119445000-120445000	rsTNFRSF11B003	8	119957000	0.06	CS1	precomputed_susie
chr11:67684000-68689500	rsLRP5001	11	68184000	0.58	CS1	precomputed_susie
chr11:67684000-68689500	rsLRP5002	11	68189500	0.31	CS1	precomputed_susie
chr11:67684000-68689500	rsLRP5003	11	68194000	0.06	CS1	precomputed_susie
chr13:42624000-43624000	rsTNFSF11001	13	43124000	0.61	CS1	precomputed_susie
chr13:42624000-43624000	rsTNFSF11002	13	43130000	0.22	CS1	precomputed_susie
chr13:42624000-43624000	rsTNFSF11003	13	43136500	0.09	CS1	precomputed_susie
chr17:43390000-44394500	rsSOST001	17	43890000	0.66	CS1	precomputed_susie
chr17:43390000-44394500	rsSOST002	17	43894500	0.26	CS1	precomputed_susie
chr17:43390000-44394500	rsSOST003	17	43898000	0.04	CS1	precomputed_susie
