SNP	CHR	BP	A1	A2	BETA	SE	P	EAF	N	INFO
rsSOST001	17	43890000	A	G	0.082	0.012	8.0e-12	0.42	120000	0.98
rsSOST002	17	43894500	C	T	0.071	0.013	4.5e-8	0.38	120000	0.97
rsSOST003	17	43898000	G	A	0.045	0.014	0.0013	0.51	119850	0.96
rsSOST004	17	43902000	T	C	-0.039	0.015	0.0091	0.29	119900	0.95
rsSOST005	17	43908000	A	C	0.024	0.012	0.046	0.61	120000	0.99
rsSOST006	17	43915000	G	T	-0.018	0.011	0.10	0.47	119760	0.94
rsLRP5001	11	68184000	T	C	-0.095	0.014	1.2e-11	0.34	118900	0.98
rsLRP5002	11	68189500	G	A	-0.074	0.013	1.1e-8	0.31	118950	0.97
rsLRP5003	11	68194000	C	G	-0.052	0.015	5.8e-4	0.27	118870	0.96
rsLRP5004	11	68201000	A	T	0.033	0.014	0.018	0.56	119020	0.95
rsLRP5005	11	68206000	C	T	-0.021	0.012	0.080	0.44	118990	0.99
rsLRP5006	11	68213000	G	C	0.017	0.011	0.12	0.63	118760	0.93
rsWNT16001	7	120970000	C	T	0.088	0.013	1.7e-11	0.46	121500	0.98
rsWNT16002	7	120975500	A	G	0.079	0.014	1.8e-8	0.41	121300	0.97
rsWNT16003	7	120981000	T	C	0.050	0.014	3.5e-4	0.36	121480	0.96
rsWNT16004	7	120987000	G	A	-0.036	0.015	0.016	0.58	121220	0.95
rsWNT16005	7	120993000	C	A	0.020	0.012	0.096	0.22	121510	0.94
rsWNT16006	7	121000500	T	G	-0.015	0.011	0.17	0.67	121430	0.99
rsCTSK001	1	150770000	G	A	-0.081	0.012	1.0e-10	0.37	117500	0.98
rsCTSK002	1	150775500	T	C	-0.068	0.013	1.6e-7	0.33	117300	0.97
rsCTSK003	1	150782000	A	G	-0.041	0.014	0.0034	0.49	117450	0.95
rsCTSK004	1	150789000	C	T	0.030	0.014	0.032	0.57	117410	0.96
rsCTSK005	1	150796000	G	C	-0.022	0.012	0.067	0.25	117360	0.93
rsCTSK006	1	150804000	A	C	0.014	0.011	0.20	0.64	117520	0.99
rsTNFSF11001	13	43124000	A	G	0.077	0.013	3.3e-9	0.28	116900	0.98
rsTNFSF11002	13	43130000	C	T	0.064	0.014	4.8e-6	0.32	116870	0.96
rsTNFSF11003	13	43136500	G	A	0.047	0.015	0.0017	0.45	116820	0.95
rsTNFSF11004	13	43142000	T	C	-0.028	0.013	0.031	0.54	116920	0.97
rsTNFSF11005	13	43148500	A	C	0.019	0.012	0.11	0.39	116760	0.94
rsTNFSF11006	13	43155000	G	T	-0.013	0.011	0.24	0.62	116880	0.99
rsTNFRSF11B001	8	119945000	T	G	-0.086	0.013	4.2e-11	0.43	119200	0.98
rsTNFRSF11B002	8	119951000	C	A	-0.073	0.014	1.8e-7	0.40	119110	0.97
rsTNFRSF11B003	8	119957000	G	T	-0.046	0.014	0.0010	0.52	119040	0.96
rsTNFRSF11B004	8	119964000	A	G	0.031	0.013	0.017	0.35	119180	0.95
rsTNFRSF11B005	8	119971000	C	T	-0.018	0.012	0.13	0.26	119220	0.94
rsTNFRSF11B006	8	119979000	G	C	0.012	0.011	0.28	0.69	119060	0.99
rsTAS1R3001	1	1266900	C	T	0.058	0.014	3.4e-5	0.21	115500	0.97
rsTAS1R3002	1	1270500	A	G	0.049	0.015	0.0011	0.26	115420	0.96
rsTAS1R3003	1	1274300	G	A	0.036	0.014	0.010	0.33	115360	0.95
rsTAS1R3004	1	1278800	T	C	-0.025	0.013	0.054	0.48	115510	0.94
rsTAS1R3005	1	1282600	C	G	0.018	0.012	0.13	0.55	115480	0.98
rsTAS1R3006	1	1287300	A	C	-0.011	0.011	0.32	0.61	115300	0.93
rsTMX2001	11	57602000	G	A	-0.061	0.014	1.3e-5	0.30	114900	0.98
rsTMX2002	11	57607500	T	C	-0.053	0.015	4.1e-4	0.35	114820	0.97
rsTMX2003	11	57613500	C	A	-0.038	0.014	0.0067	0.44	114760	0.96
rsTMX2004	11	57619500	A	G	0.027	0.013	0.038	0.57	114930	0.95
rsTMX2005	11	57626000	G	T	-0.017	0.012	0.16	0.23	114880	0.94
rsTMX2006	11	57632000	C	T	0.010	0.011	0.36	0.66	114790	0.99
rsSREBF1001	17	17908000	A	G	0.064	0.014	4.8e-6	0.39	116200	0.98
rsSREBF1002	17	17914500	C	T	0.055	0.015	2.4e-4	0.42	116120	0.97
rsSREBF1003	17	17921000	G	A	0.040	0.014	0.0043	0.50	116080	0.96
rsSREBF1004	17	17927500	T	C	-0.029	0.013	0.026	0.31	116240	0.95
rsSREBF1005	17	17934000	A	C	0.018	0.012	0.13	0.59	116150	0.94
rsSREBF1006	17	17940500	G	T	-0.012	0.011	0.28	0.67	116050	0.99
rsRUNX2001	6	45390000	T	C	0.042	0.014	0.0027	0.46	113800	0.97
rsRUNX2002	6	45396500	A	G	0.034	0.013	0.0089	0.52	113760	0.96
rsRUNX2003	6	45403000	C	T	-0.026	0.012	0.030	0.29	113900	0.95
rsSP7001	12	53785000	G	A	0.039	0.014	0.0053	0.36	112900	0.98
rsSP7002	12	53792000	T	C	0.030	0.013	0.021	0.41	112850	0.96
rsSP7003	12	53799000	A	C	-0.019	0.012	0.11	0.60	112780	0.94
rsBGLAP001	1	156210000	C	T	0.033	0.013	0.011	0.24	111900	0.97
rsBGLAP002	1	156217000	G	A	0.025	0.012	0.037	0.47	111860	0.96
rsACP5001	19	11510000	A	G	-0.037	0.014	0.0082	0.34	110800	0.98
rsACP5002	19	11517000	C	T	-0.024	0.012	0.046	0.53	110760	0.95
rsDMP1001	4	88530000	G	T	0.035	0.013	0.0071	0.45	109900	0.97
rsDMP1002	4	88537000	A	C	0.022	0.012	0.067	0.58	109860	0.96
